,Tipo de recurso,Cantidad,Producto
0,32,50,36
1,40,76,32
2,49,68,47
3,6,70,10
4,20,68,32
5,26,49,26
6,7,52,16
7,44,61,12
8,8,72,15
9,19,66,7
10,8,72,1
11,20,63,46
12,39,71,37
13,33,61,37
14,40,67,47
15,35,58,29
16,31,50,11
17,44,67,37
18,32,53,21
19,30,42,37
20,32,43,38
21,39,46,2
22,45,67,45
23,12,76,48
24,5,50,13
25,20,48,20
26,12,52,6
27,21,69,32
28,29,68,36
29,18,42,39
30,35,68,24
31,45,58,38
32,20,65,27
33,19,43,5
34,40,78,33
35,48,41,17
36,5,59,11
37,26,66,33
38,29,40,22
39,32,78,26
40,33,54,39
41,35,57,2
42,4,73,10
43,33,66,9
44,16,44,10
45,49,66,33
46,26,63,11
47,2,73,37
48,18,70,41
49,23,63,42
50,48,66,37
51,44,69,20
52,38,41,50
53,26,69,47
54,1,48,17
55,30,54,2
56,9,55,43
57,43,45,50
58,22,67,44
59,14,77,37
60,40,72,4
61,11,60,37
62,48,45,46
63,24,74,8
64,11,67,30
65,19,48,42
66,9,69,37
67,42,66,15
68,23,54,22
69,14,55,27
70,16,71,49
71,42,52,42
72,16,47,20
73,18,70,16
74,24,75,23
75,5,50,12
76,14,77,20
77,13,69,31
78,29,67,47
79,4,78,28
80,19,79,41
81,1,70,22
82,40,79,39
83,16,68,8
84,4,63,20
85,40,67,5
86,49,67,19
87,40,69,31
88,49,57,24
89,9,76,21
90,3,52,42
91,22,47,14
92,43,42,28
93,16,40,13
94,27,75,39
95,13,57,6
96,6,46,34
97,20,52,39
98,20,47,29
99,40,52,38
100,39,62,29
101,4,44,30
102,2,65,35
103,36,47,2
104,22,59,50
105,11,71,19
106,39,66,50
107,16,45,27
108,9,52,18
109,41,47,14
110,45,42,12
111,13,63,35
112,45,76,49
113,23,57,13
114,44,40,13
115,39,54,28
116,20,66,10
117,36,57,36
118,20,71,22
119,45,74,43
120,28,71,12
121,21,50,31
122,1,66,49
123,35,40,40
124,47,66,29
125,30,59,33
126,23,50,49
127,37,76,16
128,43,43,19
129,19,66,38
130,46,41,34
131,11,48,17
132,25,61,18
133,42,41,33
134,22,55,17
135,9,58,19
136,8,75,38
137,23,78,36
138,29,53,46
139,16,64,18
140,32,75,34
141,11,72,48
142,41,65,23
143,30,74,39
144,3,40,47
145,46,72,13
146,15,41,5
147,9,72,50
148,14,59,16
149,1,73,44
150,48,76,40
151,9,41,11
152,7,58,42
153,20,66,6
154,38,51,49
155,47,58,34
156,11,56,23
157,46,54,29
158,11,55,8
159,26,53,25
160,37,61,44
161,1,50,24
162,20,53,15
163,33,73,1
164,22,75,34
165,34,57,15
166,46,65,49
167,27,49,16
168,28,41,20
169,4,55,41
170,45,59,23
171,41,74,31
172,21,77,17
173,48,77,6
174,46,73,11
175,47,70,7
176,20,71,45
177,1,78,9
178,10,49,50
179,10,65,26
180,15,73,11
181,7,72,32
182,30,75,17
183,11,44,10
184,1,54,14
185,1,47,21
186,14,49,49
187,16,40,17
188,46,63,14
189,12,61,49
190,48,68,36
191,42,62,4
192,30,78,7
193,46,59,10
194,23,71,8
195,12,47,38
196,39,62,24
197,48,61,42
198,13,61,37
199,34,58,11
200,10,53,18
201,6,42,32
202,13,48,30
203,33,66,29
204,36,65,50
205,7,61,34
206,38,70,12
207,6,75,26
208,26,41,32
209,50,47,28
210,5,61,16
211,5,59,17
212,6,42,11
213,46,69,25
214,30,59,24
215,2,61,5
216,37,40,20
217,10,68,40
218,8,61,44
219,20,61,49
220,20,45,30
221,27,69,41
222,15,59,34
223,35,74,31
224,41,44,48
225,11,51,12
226,44,68,27
227,15,68,35
228,20,75,21
229,2,61,10
230,19,65,21
231,2,60,25
232,12,52,3
233,28,71,41
234,15,62,33
235,36,77,34
236,29,50,35
237,42,46,17
238,37,44,18
239,14,67,21
240,17,56,3
241,22,61,41
242,19,73,27
243,47,66,3
244,38,75,36
245,6,70,33
246,32,40,41
247,34,58,9
248,40,64,48
249,22,41,32
250,1,50,13
251,1,48,27
252,40,56,1
253,6,73,46
254,30,70,34
255,15,71,32
256,48,56,47
257,28,63,28
258,15,51,39
259,36,65,3
260,38,48,43
261,37,68,8
262,37,65,34
263,44,63,43
264,24,65,17
265,39,57,9
266,15,42,13
267,13,77,21
268,37,47,6
269,33,55,41
270,39,74,21
271,12,76,25
272,48,72,29
273,3,73,31
274,11,61,46
275,27,47,37
276,42,45,20
277,30,41,28
278,26,63,3
279,24,67,33
280,42,77,11
281,38,71,40
282,42,69,34
283,25,55,38
284,31,47,34
285,29,48,23
286,37,52,25
287,10,63,24
288,44,40,1
289,17,47,42
290,19,42,1
291,22,51,40
292,5,48,46
293,38,56,28
294,4,52,23
295,38,60,14
296,31,53,28
297,25,60,30
298,29,79,17
299,42,60,24
300,3,59,20
301,4,47,4
302,6,54,13
303,10,49,45
304,22,49,24
305,49,78,50
306,6,56,20
307,31,77,16
308,50,50,4
309,36,47,11
310,24,43,11
311,6,60,21
312,33,58,6
313,38,57,35
314,31,55,26
315,27,55,30
316,16,48,4
317,18,68,10
318,25,63,25
319,30,49,45
320,39,54,48
321,14,68,5
322,12,43,4
323,27,44,28
324,33,44,30
325,19,56,2
326,45,47,15
327,15,60,3
328,37,46,11
329,50,53,37
330,13,50,26
331,17,62,8
332,24,70,35
333,13,41,32
334,34,42,34
335,27,40,24
336,1,75,25
337,34,58,49
338,2,64,24
339,35,44,25
340,27,76,18
341,25,56,50
342,35,77,6
343,11,64,21
344,13,67,15
345,5,74,33
346,6,52,28
347,18,55,15
348,11,62,25
349,42,70,47
350,42,67,8
351,34,62,16
352,14,49,7
353,35,68,47
354,44,47,46
355,14,45,41
356,1,70,37
357,5,53,5
358,19,44,39
359,28,49,36
360,6,61,6
361,48,40,31
362,30,60,25
363,26,42,50
364,26,55,28
365,25,74,1
366,47,70,25
367,16,49,16
368,48,41,48
369,19,71,19
370,3,65,14
371,47,62,6
372,45,52,22
373,13,62,3
374,19,51,45
375,39,48,13
376,19,58,25
377,22,78,29
378,30,67,15
379,38,66,7
380,27,48,47
381,21,62,48
382,10,54,17
383,24,45,2
384,25,70,11
385,10,44,30
386,6,56,3
387,5,45,32
388,7,59,30
389,23,59,50
390,30,49,9
391,30,79,18
392,16,56,50
393,3,65,4
394,27,50,1
395,4,67,29
396,22,45,33
397,41,70,19
398,7,40,41
399,8,79,6
400,8,48,49
401,29,57,11
402,24,52,27
403,6,54,35
404,16,42,5
405,50,48,23
406,23,55,2
407,27,44,33
408,10,77,43
409,22,63,10
410,19,69,3
411,38,50,22
412,28,79,24
413,43,61,40
414,1,63,18
415,23,55,39
416,24,56,42
417,17,54,7
418,11,66,50
419,47,69,39
420,50,59,9
421,38,78,15
422,44,64,3
423,22,70,31
424,4,41,15
425,4,49,22
426,11,63,22
427,5,71,19
428,44,58,9
429,13,60,27
430,25,53,24
431,12,79,24
432,43,74,10
433,31,54,4
434,28,41,37
435,21,51,12
436,45,43,36
437,29,45,37
438,11,46,7
439,32,62,13
440,13,56,49
441,12,70,5
442,35,64,10
443,23,74,12
444,36,63,1
445,11,64,44
446,1,71,35
447,7,63,1
448,44,48,38
449,50,52,21
450,14,74,43
451,49,67,12
452,38,72,17
453,28,67,10
454,34,47,6
455,25,70,22
456,7,72,24
457,5,56,10
458,33,42,14
459,49,71,44
460,39,77,31
461,2,45,47
462,6,51,27
463,29,40,5
464,15,43,42
465,20,46,37
466,22,70,38
467,46,44,9
468,41,41,8
469,44,69,18
470,12,73,36
471,30,62,23
472,19,48,17
473,39,65,17
474,44,47,44
475,21,79,25
476,11,59,39
477,15,44,1
478,3,42,38
479,49,44,26
480,14,50,48
481,18,54,23
482,44,79,30
483,2,53,6
484,47,50,13
485,20,77,5
486,16,47,24
487,3,73,44
488,5,57,20
489,24,73,49
490,48,58,18
491,50,60,13
492,50,50,31
493,35,52,34
494,43,68,42
495,17,56,45
496,20,70,14
497,7,42,18
498,45,77,8
499,39,79,49
500,13,49,9
501,3,50,23
502,26,78,10
503,36,42,47
504,18,69,17
505,35,53,19
506,38,51,48
507,50,58,20
508,32,74,44
509,18,59,42
510,46,40,50
511,17,63,29
512,31,50,27
513,24,74,26
514,3,45,25
515,47,65,40
516,26,73,21
517,42,70,37
518,18,54,46
519,7,51,29
520,10,50,36
521,45,42,19
522,50,60,33
523,21,75,26
524,6,78,42
525,40,49,3
526,18,47,35
527,16,72,34
528,21,49,1
529,32,66,3
530,28,63,14
531,34,53,23
532,21,49,22
533,28,62,22
534,22,46,27
535,23,52,48
536,50,49,49
537,11,64,18
538,47,43,41
539,33,65,22
540,24,69,40
541,48,78,43
542,35,77,44
543,5,42,8
544,50,74,34
545,46,72,15
546,27,51,45
547,28,72,46
548,9,65,4
549,40,73,42
550,22,53,3
551,40,71,44
552,29,71,42
553,2,40,12
554,29,73,27
555,45,59,33
556,49,44,46
557,11,56,41
558,18,66,49
559,24,48,36
560,34,76,36
561,21,47,5
562,10,50,41
563,25,74,9
564,42,52,18
565,10,65,1
566,19,57,34
567,8,64,45
568,1,43,33
569,19,73,31
570,38,57,11
571,2,74,7
572,4,65,46
573,8,60,25
574,33,55,49
575,47,55,14
576,12,78,20
577,35,75,39
578,47,50,21
579,17,41,4
580,10,67,15
581,12,75,9
582,29,61,39
583,46,61,24
584,12,42,31
585,25,72,3
586,35,69,23
587,14,41,40
588,14,41,44
589,2,55,18
590,42,48,41
591,4,77,21
592,42,76,44
593,17,49,5
594,26,62,7
595,40,40,9
596,46,58,2
597,21,76,37
598,2,46,22
599,48,59,13
600,28,43,38
601,28,54,34
602,40,52,22
603,48,59,11
604,29,52,49
605,43,64,20
606,33,68,7
607,30,44,46
608,3,48,50
609,3,77,49
610,12,43,50
611,3,64,17
612,32,50,40
613,42,48,30
614,34,67,32
615,34,78,25
616,33,70,12
617,43,75,43
618,10,53,22
619,46,64,46
620,48,58,24
621,11,47,4
622,42,76,29
623,26,44,16
624,28,72,18
625,22,42,20
626,12,74,2
627,42,51,45
628,14,63,3
629,43,62,47
630,9,71,16
631,20,71,11
632,11,67,43
633,1,72,19
634,19,47,6
635,26,58,5
636,48,70,26
637,31,78,30
638,16,40,2
639,28,45,11
640,36,46,37
641,15,76,2
642,6,73,44
643,6,51,47
644,36,77,9
645,46,75,35
646,22,71,47
647,32,40,2
648,1,74,32
649,50,68,47
650,28,44,25
651,20,47,44
652,15,43,10
653,35,58,37
654,18,76,30
655,5,61,18
656,31,79,38
657,27,74,26
658,38,59,3
659,27,76,21
660,29,44,12
661,37,56,9
662,31,78,3
663,14,42,13
664,17,50,40
665,47,47,8
666,31,79,13
667,35,48,48
668,19,70,15
669,37,70,37
670,15,70,49
671,33,62,17
672,31,48,20
673,8,71,41
674,24,57,31
675,46,52,30
676,19,47,18
677,49,72,3
678,39,76,44
679,10,53,34
680,25,44,49
681,42,68,9
682,21,74,8
683,35,70,50
684,44,79,2
685,13,45,20
686,40,68,35
687,22,44,21
688,17,70,48
689,39,43,5
690,31,78,9
691,49,57,43
692,19,50,43
693,16,40,9
694,48,56,10
695,36,70,42
696,42,42,31
697,38,64,44
698,16,74,42
699,1,52,12
700,45,59,2
701,29,61,7
702,27,67,34
703,2,72,33
704,42,43,21
705,1,50,48
706,1,74,36
707,6,62,48
708,42,74,49
709,41,69,16
710,49,54,39
711,35,72,14
712,11,67,35
713,40,70,30
714,24,60,9
715,17,57,14
716,16,55,25
717,14,70,45
718,40,59,17
719,4,62,40
720,11,57,13
721,20,61,48
722,39,75,6
723,22,48,2
724,21,63,14
725,30,44,40
726,42,42,2
727,38,69,19
728,40,57,2
729,39,62,22
730,10,72,12
731,3,60,34
732,27,54,3
733,4,40,14
734,13,48,2
735,16,72,48
736,34,64,1
737,47,47,18
738,36,48,28
739,37,56,50
740,27,58,7
741,3,59,28
742,37,46,5
743,17,54,21
744,36,79,46
745,27,59,17
746,49,40,18
747,8,74,5
748,42,49,14
749,29,70,13
750,29,53,3
751,15,47,43
752,28,57,1
753,43,73,17
754,34,43,20
755,8,42,48
756,8,75,20
757,22,43,43
758,2,69,11
759,24,56,1
760,40,55,11
761,12,70,44
762,46,62,48
763,10,47,39
764,50,72,48
765,30,55,35
766,23,63,23
767,38,53,45
768,17,71,38
769,37,77,49
770,11,72,31
771,14,57,2
772,25,78,41
773,16,71,21
774,47,67,26
775,8,73,12
776,11,63,14
777,17,73,1
778,17,70,41
779,44,71,26
780,15,43,22
781,16,74,39
782,34,78,38
783,26,78,37
784,18,54,34
785,34,50,50
786,20,61,31
787,4,50,45
788,18,66,24
789,17,72,37
790,11,71,2
791,32,65,25
792,21,43,41
793,28,47,45
794,11,56,28
795,35,77,27
796,39,41,10
797,12,44,8
798,9,59,27
799,33,79,44
800,47,56,37
801,39,77,8
802,2,75,41
803,40,43,7
804,24,44,24
805,46,73,21
806,41,71,47
807,44,52,15
808,12,66,16
809,9,61,17
810,8,73,14
811,15,51,25
812,28,70,7
813,2,58,46
814,4,60,11
815,26,59,44
816,28,56,8
817,35,66,7
818,24,61,39
819,31,70,22
820,49,45,16
821,19,62,22
822,3,56,21
823,28,51,26
824,26,65,34
825,12,61,19
826,23,49,10
827,17,66,50
828,41,50,15
829,49,50,23
830,7,52,45
831,6,65,2
832,31,40,15
833,22,50,7
834,36,62,10
835,35,77,21
836,46,57,7
837,9,60,3
838,15,51,4
839,38,51,33
840,9,50,5
841,23,59,40
842,37,74,38
843,6,76,36
844,39,77,15
845,47,44,27
846,19,50,23
847,47,42,17
848,3,62,11
849,15,58,8
850,43,57,44
851,25,62,31
852,26,76,22
853,3,48,29
854,15,78,38
855,30,53,19
856,34,56,31
857,24,59,3
858,18,72,4
859,22,67,15
860,36,51,41
861,4,51,6
862,36,47,15
863,18,77,48
864,50,49,18
865,48,64,3
866,21,57,44
867,5,65,27
868,13,75,1
869,25,68,40
870,9,64,2
871,9,78,13
872,45,74,3
873,20,44,43
874,12,71,46
875,18,44,22
876,11,78,27
877,33,71,15
878,34,45,18
879,48,64,7
880,13,77,14
881,39,56,18
882,2,76,40
883,17,58,23
884,39,50,32
885,15,63,12
886,43,72,22
887,27,51,5
888,50,44,45
889,7,57,46
890,49,70,21
891,49,55,20
892,29,61,34
893,1,58,41
894,46,50,17
895,36,60,26
896,35,52,30
897,35,68,1
898,13,66,8
899,41,71,25
900,35,49,22
901,36,43,32
902,21,66,30
903,46,58,8
904,41,71,38
905,49,77,32
906,38,45,8
907,45,68,10
908,45,40,48
909,40,67,12
910,1,73,40
911,44,76,25
912,9,51,15
913,6,54,39
914,12,52,1
915,12,56,18
916,9,57,28
917,11,45,1
918,39,62,3
919,34,64,5
920,9,75,47
921,48,61,19
922,46,49,19
923,3,77,9
924,28,66,15
925,20,45,1
926,50,49,10
927,43,56,30
928,46,70,43
929,36,75,6
930,8,79,3
931,8,53,29
932,44,66,23
933,46,66,6
934,48,54,14
935,46,58,16
936,37,74,30
937,8,56,27
938,16,75,32
939,50,57,32
940,8,40,8
941,35,45,9
942,20,58,3
943,30,57,21
944,25,72,28
945,1,46,20
946,6,73,43
947,28,47,44
948,47,45,4
949,34,43,17
950,30,67,22
951,34,52,13
952,39,75,39
953,17,62,46
954,50,40,8
955,48,68,33
956,45,75,17
957,5,59,31
958,43,53,35
959,47,66,11
960,36,74,8
961,35,67,5
962,12,58,13
963,44,64,28
964,49,61,17
965,28,68,4
966,12,52,21
967,2,67,17
968,7,42,48
969,34,61,24
970,10,61,19
971,42,78,32
972,10,55,31
973,7,52,2
974,23,75,44
975,44,69,48
976,22,71,1
977,39,45,25
978,18,62,25
979,26,42,27
980,20,75,24
981,5,70,26
982,34,75,42
983,12,74,15
984,41,61,34
985,16,51,22
986,13,55,29
987,19,46,40
988,2,69,48
989,42,74,36
990,7,63,47
991,3,60,12
992,32,78,24
993,46,75,27
994,9,48,42
995,14,43,18
996,38,57,34
997,30,57,10
998,1,63,8
999,32,76,31
1000,40,69,49
1001,43,69,15
1002,15,42,47
1003,21,54,50
1004,21,42,24
1005,16,64,38
1006,6,77,16
1007,42,77,7
1008,31,51,39
1009,2,45,44
1010,34,66,45
1011,22,63,22
1012,21,60,3
1013,6,53,12
1014,24,60,30
1015,29,70,28
1016,34,50,3
1017,31,50,8
1018,21,43,20
1019,23,57,28
1020,44,50,21
1021,1,46,39
1022,16,66,41
1023,2,41,15
1024,1,57,26
1025,35,63,35
1026,30,73,11
1027,43,58,12
1028,13,48,33
1029,37,73,27
1030,32,63,7
1031,25,42,15
1032,4,58,49
1033,45,73,5
1034,6,40,18
1035,26,65,15
1036,43,60,9
1037,41,62,39
1038,3,45,2
1039,41,75,37
1040,45,61,47
1041,6,50,37
1042,28,78,16
1043,3,72,22
1044,24,51,16
1045,26,53,41
1046,33,57,11
1047,47,62,43
1048,40,79,28
1049,33,55,48
1050,40,40,50
1051,46,79,41
1052,18,56,6
1053,15,44,30
1054,3,63,46
1055,27,67,29
1056,23,57,17
1057,2,64,42
1058,30,45,3
1059,46,71,26
1060,37,48,1
1061,39,41,42
1062,19,77,49
1063,24,41,14
1064,38,52,41
1065,33,71,13
1066,38,64,37
1067,47,78,16
1068,39,44,47
1069,36,69,21
1070,6,61,4
1071,29,64,26
1072,2,63,4
1073,10,42,42
1074,21,42,43
1075,21,75,29
1076,26,71,23
1077,31,55,5
1078,36,51,38
1079,13,55,42
1080,10,55,9
1081,16,75,3
1082,32,73,20
1083,32,49,16
1084,20,62,12
1085,5,47,28
1086,45,50,24
1087,26,77,24
1088,40,43,8
1089,7,70,12
1090,47,77,47
1091,3,47,26
1092,33,75,46
1093,4,71,9
1094,5,44,4
1095,27,60,49
1096,48,60,8
1097,13,53,13
1098,13,68,38
1099,10,59,5
1100,6,63,5
1101,49,54,5
1102,26,47,39
1103,10,61,33
1104,47,75,31
1105,21,76,47
1106,13,64,46
1107,18,47,11
1108,6,68,8
1109,12,64,27
1110,48,72,44
1111,21,77,39
1112,5,46,2
1113,34,77,46
1114,21,52,23
1115,29,71,21
1116,9,51,44
1117,50,78,46
1118,5,46,35
1119,50,79,14
1120,12,63,17
1121,4,75,5
1122,11,77,11
1123,13,78,7
1124,49,50,9
1125,13,48,39
1126,38,62,25
1127,41,54,20
1128,25,78,5
1129,46,47,4
1130,2,44,20
1131,38,47,39
1132,2,57,28
1133,18,63,47
1134,4,60,25
1135,40,68,16
1136,6,40,30
1137,13,57,41
1138,23,78,20
1139,19,48,13
1140,16,68,47
1141,22,63,23
1142,29,55,19
1143,23,50,24
1144,24,41,25
1145,13,59,17
1146,45,77,21
1147,26,65,48
1148,48,77,30
1149,22,70,36
1150,35,57,13
1151,22,43,4
1152,41,45,36
1153,10,45,8
1154,14,63,9
1155,34,79,21
1156,37,70,17
1157,17,57,44
1158,26,78,17
1159,38,57,1
1160,34,59,28
1161,2,43,50
1162,14,62,38
1163,46,71,5
1164,20,48,41
1165,44,55,50
1166,42,70,3
1167,8,54,16
1168,41,47,35
1169,42,76,13
1170,41,64,30
1171,46,40,45
1172,44,42,22
1173,42,52,28
1174,33,79,35
1175,21,71,38
1176,23,47,33
1177,15,71,9
1178,16,63,31
1179,49,56,13
1180,45,54,25
1181,13,76,34
1182,48,61,49
1183,32,58,42
1184,15,75,19
1185,10,53,35
1186,4,66,32
1187,37,54,29
1188,21,77,2
1189,34,44,14
1190,24,72,12
1191,9,50,33
1192,37,49,28
1193,33,68,10
1194,20,52,9
1195,46,48,36
1196,25,69,16
1197,23,76,45
1198,9,46,48
1199,32,50,27
1200,11,64,5
1201,14,65,11
1202,50,64,43
1203,35,78,46
1204,18,49,43
1205,38,76,2
1206,43,75,31
1207,28,66,33
1208,9,75,7
1209,36,43,33
1210,4,63,31
1211,29,41,31
1212,32,74,30
1213,13,51,40
1214,12,65,29
1215,28,62,23
1216,4,68,37
1217,24,74,37
1218,1,57,28
1219,17,77,9
1220,32,42,28
1221,4,79,8
1222,48,61,22
1223,8,75,4
1224,19,71,24
1225,5,65,42
1226,38,43,27
1227,33,47,26
1228,30,74,26
1229,24,60,7
1230,44,53,5
1231,46,47,44
1232,44,56,8
1233,39,67,34
1234,38,68,4
1235,16,65,12
1236,44,56,47
1237,31,66,2
1238,40,74,13
1239,11,43,20
1240,28,76,17
1241,23,61,47
1242,21,49,7
1243,38,65,18
1244,16,45,45
1245,27,63,43
1246,18,45,1
1247,3,44,7
1248,4,67,12
1249,22,48,37
1250,8,64,42
1251,29,65,16
1252,35,78,28
1253,45,68,11
1254,36,71,49
1255,14,43,6
1256,7,50,39
1257,12,78,12
1258,23,55,7
1259,37,49,12
1260,1,42,11
1261,2,40,38
1262,38,44,30
1263,37,79,36
1264,33,76,23
1265,31,77,42
1266,33,53,34
1267,6,42,22
1268,31,43,44
1269,4,74,38
1270,15,51,45
1271,9,58,9
1272,14,49,8
1273,7,57,21
1274,46,44,18
1275,13,53,19
1276,7,60,37
1277,37,56,43
1278,20,51,19
1279,35,67,49
1280,36,72,5
1281,12,43,32
1282,30,53,38
1283,44,41,49
1284,45,58,26
1285,45,69,32
1286,20,79,35
1287,32,67,45
1288,20,40,25
1289,2,50,3
1290,41,72,32
1291,8,46,19
1292,38,53,29
1293,11,78,45
1294,4,61,48
1295,7,57,23
1296,25,59,17
1297,43,55,16
1298,33,63,45
1299,31,67,6
1300,41,46,22
1301,24,77,5
1302,2,54,1
1303,47,64,22
1304,9,56,31
1305,45,59,42
1306,38,60,13
1307,24,54,19
1308,48,46,23
1309,38,58,32
1310,41,42,13
1311,22,42,13
1312,6,73,49
1313,42,50,43
1314,23,52,11
1315,3,61,5
1316,11,70,9
1317,30,55,14
1318,7,44,20
1319,34,46,48
1320,27,79,2
1321,45,68,31
1322,21,64,33
1323,5,49,23
1324,38,59,10
1325,10,71,6
1326,35,68,33
1327,17,40,28
1328,33,77,36
1329,44,46,11
1330,7,49,49
1331,8,44,22
1332,12,78,35
1333,41,58,2
1334,19,62,46
1335,29,43,32
1336,48,48,5
1337,15,67,28
1338,45,44,37
1339,7,72,25
1340,16,41,35
1341,48,50,2
1342,15,76,7
1343,25,51,36
1344,41,47,18
1345,46,40,42
1346,42,78,12
1347,13,73,10
1348,26,55,49
1349,37,49,46
1350,17,72,35
1351,6,79,19
1352,40,48,36
1353,45,61,46
1354,23,71,37
1355,9,50,14
1356,21,71,13
1357,45,59,20
1358,32,66,49
1359,19,60,35
1360,10,47,25
1361,5,55,7
1362,44,44,16
1363,25,79,19
1364,30,58,42
1365,24,69,18
1366,16,60,33
1367,30,78,31
1368,16,78,14
1369,39,48,40
1370,31,51,21
1371,2,63,19
1372,28,63,39
1373,4,51,3
1374,47,78,2
1375,23,70,16
1376,20,71,8
1377,50,48,30
1378,29,57,30
1379,32,55,47
1380,43,65,37
1381,1,41,2
1382,41,70,5
1383,39,63,33
1384,46,53,12
1385,8,76,18
1386,35,50,32
1387,10,55,13
1388,33,51,8
1389,3,76,1
1390,20,48,13
1391,27,44,35
1392,5,51,45
1393,49,75,2
1394,46,77,40
1395,42,74,39
1396,18,56,19
1397,11,40,3
1398,2,77,8
1399,9,43,36
1400,18,51,21
1401,32,65,18
1402,32,73,46
1403,42,57,38
1404,16,50,29
1405,7,42,35
1406,41,77,46
1407,28,77,21
1408,1,41,4
1409,14,56,1
1410,45,53,4
1411,20,72,28
1412,17,55,34
1413,43,66,8
1414,29,58,44
1415,43,78,33
1416,35,40,41
1417,44,56,32
1418,9,72,41
1419,48,79,41
1420,22,55,16
1421,33,57,43
1422,29,61,8
1423,30,67,43
1424,16,49,11
1425,2,50,45
1426,42,52,46
1427,43,46,11
1428,4,41,35
1429,9,70,12
1430,28,57,49
1431,34,74,33
1432,9,61,24
1433,40,47,24
1434,32,49,19
1435,29,58,14
1436,19,58,26
1437,32,71,39
1438,45,45,44
1439,18,60,28
1440,31,43,23
1441,9,62,34
1442,1,40,46
1443,23,71,3
1444,2,67,21
1445,25,42,32
1446,25,62,29
1447,28,69,29
1448,33,74,32
1449,43,67,45
1450,17,78,25
1451,22,69,48
1452,19,42,10
1453,23,52,26
1454,32,62,43
1455,45,56,30
1456,30,53,44
1457,12,75,10
1458,33,68,42
1459,48,62,4
1460,25,41,37
1461,42,55,23
1462,1,72,29
1463,3,70,30
1464,23,40,14
1465,37,75,39
1466,10,44,48
1467,39,58,19
1468,8,50,31
1469,4,43,17
1470,48,53,34
1471,49,58,7
1472,17,61,24
1473,5,48,43
1474,2,64,36
1475,42,55,25
1476,31,62,35
1477,50,69,11
1478,27,77,6
1479,26,73,9
1480,37,74,45
1481,25,46,2
1482,7,68,31
1483,41,75,4
1484,42,61,27
1485,25,42,34
1486,27,44,48
1487,17,78,49
1488,24,74,50
1489,18,71,37
1490,13,42,18
1491,44,57,42
1492,45,75,41
1493,13,65,36
1494,41,75,21
1495,19,53,30
1496,22,74,26
1497,21,43,49
1498,50,63,17
1499,20,77,2
1500,48,47,38
1501,9,58,26
1502,29,41,43
1503,44,70,6
1504,8,73,9
1505,37,74,15
1506,2,48,26
1507,29,48,50
1508,49,69,15
1509,28,54,43
1510,6,62,25
1511,23,66,1
1512,50,60,50
1513,25,56,27
1514,31,43,46
1515,39,63,26
1516,26,61,13
1517,23,49,34
1518,1,46,16
1519,41,59,7
1520,39,64,36
1521,21,74,35
1522,31,44,41
1523,26,49,30
1524,21,58,28
1525,32,77,14
1526,22,75,49
1527,50,45,36
1528,22,44,9
1529,12,49,42
1530,27,63,20
1531,46,50,33
1532,22,63,39
1533,20,58,38
1534,4,59,36
1535,32,53,22
1536,9,41,29
1537,7,48,7
1538,24,74,4
1539,49,67,40
1540,49,73,38
1541,48,53,32
1542,4,56,34
1543,39,66,12
1544,32,63,15
1545,8,55,2
1546,5,70,14
1547,36,70,29
1548,28,47,35
1549,21,57,18
1550,31,46,24
1551,45,59,14
1552,36,72,23
1553,14,62,39
1554,41,51,28
1555,41,57,9
1556,37,78,21
1557,37,63,2
1558,11,43,42
1559,15,48,36
1560,20,54,42
1561,16,44,26
1562,41,40,49
1563,8,48,43
1564,50,44,29
1565,6,44,24
1566,37,53,19
1567,1,55,3
1568,4,58,39
1569,28,76,50
1570,8,76,40
1571,17,58,13
1572,26,67,1
1573,44,44,14
1574,5,57,24
1575,14,60,36
1576,13,58,43
1577,20,70,17
1578,33,63,2
1579,34,54,2
1580,30,79,47
1581,5,50,3
1582,22,70,8
1583,45,53,13
1584,16,66,46
1585,48,64,20
1586,25,67,8
1587,10,64,3
1588,10,68,46
1589,37,60,48
1590,12,60,7
1591,25,45,23
1592,45,73,39
1593,24,57,20
1594,5,76,48
1595,15,52,26
1596,15,41,31
1597,26,61,20
1598,39,42,30
1599,50,73,1
1600,17,43,26
1601,11,61,47
1602,41,52,6
1603,28,66,5
1604,30,71,4
1605,15,43,15
1606,35,53,16
1607,9,44,32
1608,35,54,43
1609,6,63,17
1610,20,55,18
1611,12,42,40
1612,40,75,19
1613,10,58,7
1614,37,63,22
1615,41,72,3
1616,30,51,1
1617,41,45,10
1618,14,53,25
1619,11,69,15
1620,19,41,50
1621,38,54,31
1622,29,67,15
1623,26,57,19
1624,14,57,28
1625,38,65,24
1626,44,66,39
1627,13,73,48
1628,7,44,44
1629,34,40,37
1630,24,60,21
1631,36,52,20
1632,4,43,13
1633,28,74,19
1634,9,71,45
1635,22,69,6
1636,26,56,40
1637,17,56,32
1638,14,72,19
1639,17,60,15
1640,24,71,41
1641,47,48,48
1642,39,76,4
1643,42,57,6
1644,31,40,14
1645,48,72,35
1646,44,62,36
1647,5,54,1
1648,42,78,40
1649,11,63,34
1650,33,49,18
1651,49,57,4
1652,49,61,6
1653,3,41,43
1654,22,42,28
1655,20,56,33
1656,23,77,19
1657,41,67,11
1658,26,42,42
1659,45,54,28
1660,36,57,40
1661,36,58,44
1662,21,50,10
1663,15,69,24
1664,8,76,24
1665,7,47,22
1666,34,47,44
1667,47,56,19
1668,26,42,18
1669,37,78,32
1670,48,51,1
1671,12,46,34
1672,14,76,10
1673,10,47,29
1674,35,69,3
1675,8,68,26
1676,49,76,29
1677,32,51,48
1678,14,74,46
1679,34,40,8
1680,31,79,32
1681,21,59,15
1682,40,49,46
1683,50,76,42
1684,16,45,6
1685,17,65,31
1686,32,45,8
1687,30,53,41
1688,28,77,40
1689,4,53,1
1690,40,73,27
1691,21,64,40
1692,14,78,42
1693,3,64,24
1694,14,41,12
1695,6,62,40
1696,8,51,34
1697,23,47,31
1698,43,69,48
1699,15,72,41
1700,41,72,27
1701,11,50,40
1702,20,49,47
1703,29,70,4
1704,27,47,50
1705,27,46,46
1706,33,77,28
1707,48,71,9
1708,32,46,4
1709,8,45,50
1710,30,44,49
1711,26,42,29
1712,34,48,35
1713,27,71,32
1714,40,73,29
1715,14,56,30
1716,28,71,30
1717,40,48,10
1718,46,49,32
1719,18,74,32
1720,43,60,14
1721,7,57,28
1722,17,62,16
1723,13,65,44
1724,15,67,44
1725,26,63,38
1726,35,75,4
1727,49,77,14
1728,14,43,14
1729,47,60,46
1730,1,50,43
1731,13,77,12
1732,24,51,32
1733,23,60,29
1734,16,58,19
1735,18,75,5
1736,7,46,4
1737,43,40,6
1738,2,52,49
1739,11,79,49
1740,18,47,40
1741,21,74,11
1742,1,69,45
1743,5,44,34
1744,29,48,2
1745,28,54,3
1746,32,76,32
1747,19,56,14
1748,3,43,6
1749,33,70,20
1750,7,79,36
1751,16,66,1
1752,29,71,1
1753,2,67,43
1754,38,42,26
1755,43,41,49
1756,30,62,48
1757,3,67,8
1758,11,58,16
1759,31,50,18
1760,38,77,38
1761,30,67,5
1762,4,76,7
1763,36,65,43
1764,41,75,40
1765,34,47,10
1766,4,48,33
1767,50,69,12
1768,48,44,21
1769,4,78,26
1770,43,54,2
1771,2,74,29
1772,7,78,9
1773,45,44,6
1774,9,73,22
1775,43,65,29
1776,8,43,32
1777,44,44,10
1778,49,51,10
1779,9,53,1
1780,44,53,29
1781,20,51,4
1782,36,66,35
1783,47,64,45
1784,29,56,18
1785,40,75,15
1786,37,67,42
1787,44,40,24
1788,15,41,37
1789,42,72,26
1790,16,79,36
1791,8,57,13
1792,39,78,11
1793,13,42,25
1794,27,58,31
1795,10,45,11
1796,43,47,7
1797,33,75,25
1798,12,53,41
1799,30,45,16
1800,45,76,16
1801,43,43,24
1802,46,52,22
1803,29,78,24
1804,5,46,40
1805,17,60,12
1806,30,43,27
1807,5,74,47
1808,17,58,27
1809,43,78,39
1810,7,78,6
1811,11,60,36
1812,8,51,11
1813,14,54,35
1814,42,71,50
1815,8,64,30
1816,39,69,27
1817,27,55,14
1818,27,47,22
1819,10,67,2
1820,44,74,31
1821,19,76,33
1822,24,43,15
1823,15,77,46
1824,33,58,5
1825,1,41,23
1826,27,48,15
1827,6,43,38
1828,50,55,27
1829,19,60,28
1830,9,74,10
1831,47,63,30
1832,15,60,27
1833,49,43,25
1834,25,55,43
1835,44,52,33
1836,28,43,9
1837,21,64,45
1838,18,55,29
1839,41,47,41
1840,47,46,28
1841,17,67,43
1842,36,72,22
1843,25,41,39
1844,10,45,16
1845,2,60,2
1846,36,52,30
1847,19,58,20
1848,15,61,6
1849,7,55,38
1850,34,65,30
1851,18,62,12
1852,40,58,40
1853,35,74,8
1854,18,51,38
1855,14,68,23
1856,49,47,22
1857,39,73,16
1858,45,54,18
1859,5,70,50
1860,2,77,14
1861,44,43,34
1862,28,56,47
1863,33,47,19
1864,23,79,15
1865,11,50,32
1866,27,41,44
1867,23,41,4
1868,3,73,10
1869,39,54,1
1870,44,67,17
1871,8,46,28
1872,40,44,21
1873,20,45,23
1874,40,72,14
1875,35,55,15
1876,17,76,39
1877,45,46,7
1878,31,46,37
1879,32,50,12
1880,43,45,4
1881,50,67,25
1882,3,67,36
1883,27,53,13
1884,41,41,24
1885,3,75,27
1886,7,52,15
1887,50,72,40
1888,49,60,36
1889,25,73,46
1890,45,66,9
1891,4,71,27
1892,36,57,14
1893,27,63,19
1894,42,60,48
1895,31,78,49
1896,17,67,6
1897,31,62,36
1898,46,49,1
1899,16,62,30
1900,23,53,21
1901,23,73,5
1902,31,45,17
1903,42,71,5
1904,38,50,21
1905,16,58,40
1906,6,71,1
1907,13,46,23
1908,3,52,33
1909,6,55,14
1910,20,67,50
1911,2,78,16
1912,10,48,49
1913,9,66,46
1914,23,56,32
1915,12,60,30
1916,37,60,7
1917,33,52,24
1918,6,43,7
1919,19,40,32
1920,13,50,22
1921,1,69,31
1922,21,42,46
1923,21,55,42
1924,47,60,49
1925,28,44,32
1926,24,47,46
1927,6,52,31
1928,17,75,33
1929,7,79,11
1930,24,65,34
1931,14,47,4
1932,47,59,9
1933,48,77,39
1934,6,54,29
1935,32,56,37
1936,41,68,17
1937,31,51,19
1938,37,72,31
1939,50,77,6
1940,29,42,10
1941,10,52,32
1942,15,72,23
1943,35,66,11
1944,25,42,47
1945,40,56,26
1946,28,66,42
1947,29,57,40
1948,5,66,6
1949,49,50,49
1950,16,44,7
1951,38,69,42
1952,39,47,7
1953,50,44,22
1954,3,70,45
1955,18,41,44
1956,17,49,19
1957,2,60,9
1958,23,66,18
1959,37,56,4
1960,19,41,36
1961,8,63,35
1962,8,41,10
1963,45,47,29
1964,15,70,17
1965,3,71,39
1966,21,61,19
1967,12,74,26
1968,5,60,25
1969,5,44,36
1970,37,55,24
1971,49,57,11
1972,12,59,22
1973,24,73,38
1974,5,67,39
1975,10,76,47
1976,36,49,17
1977,3,50,37
1978,18,71,33
1979,31,46,12
1980,9,61,30
1981,36,43,24
1982,19,55,12
1983,42,50,22
1984,7,44,43
1985,23,71,35
1986,47,55,12
1987,46,66,3
1988,42,43,1
1989,47,79,44
1990,36,48,7
1991,13,59,47
1992,27,66,8
1993,32,65,10
1994,18,51,45
1995,18,52,3
1996,18,65,9
1997,41,47,26
1998,25,50,12
1999,47,64,1
2000,31,51,1
2001,41,44,12
2002,49,73,42
2003,32,47,35
2004,9,68,25
2005,17,43,36
2006,47,55,42
2007,30,58,50
2008,20,63,16
2009,40,40,18
2010,19,78,48
2011,16,63,23
2012,21,43,16
2013,25,63,7
2014,47,48,36
2015,25,75,44
2016,7,78,14
2017,9,57,35
2018,14,67,32
2019,10,41,23
2020,25,68,26
2021,43,70,5
2022,31,74,29
2023,33,70,21
2024,47,76,32
2025,27,44,10
2026,49,41,34
2027,24,72,10
2028,4,53,18
2029,9,52,39
2030,37,57,10
2031,26,71,35
2032,16,61,37
2033,32,67,6
2034,19,42,8
2035,19,75,4
2036,24,75,13
2037,44,75,35
2038,5,44,41
2039,46,57,23
2040,6,63,23
2041,12,40,43
2042,31,60,48
2043,24,46,48
2044,17,78,2
2045,15,42,20
2046,50,64,7
2047,18,67,27
2048,12,41,23
2049,36,68,48
2050,48,73,28
2051,32,57,5
2052,5,40,49
2053,46,67,38
2054,26,62,14
2055,1,40,15
2056,30,40,30
2057,30,75,32
2058,13,77,50
2059,21,66,27
2060,43,44,1
2061,16,71,43
2062,7,73,50
2063,36,56,27
2064,19,49,47
2065,13,51,45
2066,25,76,33
2067,24,41,47
2068,29,57,38
2069,5,67,9
2070,31,63,7
2071,39,75,23
2072,38,61,23
2073,17,76,18
2074,43,63,23
2075,32,77,17
2076,47,75,35
2077,38,66,9
2078,30,78,36
2079,1,60,1
2080,43,77,26
2081,39,52,20
2082,6,43,45
2083,9,45,49
2084,7,60,19
2085,16,48,15
2086,34,79,22
2087,45,59,27
2088,40,43,20
2089,46,73,31
2090,33,46,27
2091,3,69,18
2092,27,72,11
2093,11,77,38
2094,8,45,37
2095,41,64,43
2096,41,42,42
2097,26,75,46
2098,23,64,25
2099,49,64,48
2100,10,67,37
2101,48,59,25
2102,15,67,18
2103,4,41,42
2104,29,73,29
2105,31,72,43
2106,43,53,18
2107,7,64,17
2108,21,62,34
2109,11,56,29
2110,3,69,48
2111,39,58,35
2112,33,66,47
2113,48,68,12
2114,47,49,5
2115,14,52,22
2116,25,45,6
2117,8,55,36
2118,12,54,33
2119,20,70,26
2120,46,59,47
2121,48,79,27
2122,43,76,32
2123,45,75,1
2124,17,54,20
2125,35,53,20
2126,31,43,33
2127,37,44,40
2128,24,77,28
2129,38,45,16
2130,39,63,38
2131,22,45,25
2132,34,72,4
2133,2,61,13
2134,30,43,20
2135,36,73,12
2136,44,48,4
2137,18,56,2
2138,12,60,39
2139,21,69,36
2140,50,66,19
2141,16,56,44
2142,5,73,38
2143,34,55,47
2144,12,62,28
2145,31,59,25
2146,28,42,13
2147,10,62,28
2148,3,71,19
2149,29,69,20
2150,23,53,38
2151,35,71,12
2152,5,71,15
2153,4,41,2
2154,26,78,45
2155,1,57,47
2156,10,48,38
2157,49,73,8
2158,38,77,5
2159,30,74,29
2160,41,61,33
2161,10,73,4
2162,14,63,47
2163,47,43,24
2164,31,68,10
2165,25,79,35
2166,33,54,4
2167,8,62,7
2168,35,55,36
2169,50,49,26
2170,46,75,37
2171,34,45,12
2172,38,55,46
2173,45,53,34
2174,2,44,23
2175,50,73,44
2176,21,74,9
2177,7,75,26
2178,16,59,28
2179,37,43,47
2180,43,56,27
2181,23,72,27
2182,5,77,37
2183,14,48,26
2184,37,55,3
2185,28,42,27
2186,15,71,21
2187,17,56,11
2188,30,47,6
2189,37,55,13
2190,40,53,25
2191,5,57,44
2192,10,75,44
2193,7,65,40
2194,47,75,38
2195,32,61,50
2196,18,41,13
2197,50,46,5
2198,5,42,22
2199,50,73,15
2200,35,61,38
2201,43,41,3
2202,26,63,12
2203,49,64,45
2204,18,59,8
2205,13,59,11
2206,50,45,41
2207,43,77,21
2208,40,47,37
2209,35,63,45
2210,44,61,40
2211,22,63,46
2212,34,69,19
2213,49,50,37
2214,19,79,29
2215,44,72,7
2216,6,61,9
2217,22,64,18
2218,13,40,16
2219,14,66,31
2220,46,41,20
2221,21,58,4
2222,1,63,30
2223,41,75,44
2224,50,78,3
2225,15,73,48
2226,50,45,2
2227,19,66,9
2228,32,42,9
2229,40,72,6
2230,29,40,41
2231,17,74,30
2232,27,51,27
2233,7,57,13
2234,22,76,19
2235,36,61,25
2236,50,54,16
2237,1,68,10
2238,31,51,47
2239,18,76,50
2240,2,45,30
2241,23,69,9
2242,45,52,50
2243,35,53,18
2244,15,73,16
2245,15,66,14
2246,29,65,45
2247,47,71,50
2248,22,68,11
2249,12,72,47
2250,50,67,39
2251,25,49,20
2252,48,58,50
2253,27,63,40
2254,23,77,46
2255,15,52,50
2256,45,78,35
2257,23,75,43
2258,2,76,31
2259,33,69,16
2260,26,47,2
2261,8,68,23
2262,12,76,14
2263,41,52,45
2264,25,66,10
2265,20,49,34
2266,38,53,20
2267,24,59,6
2268,15,66,40
2269,31,67,45
2270,34,46,40
2271,10,68,21
2272,36,56,19
2273,35,59,17
2274,25,51,45
2275,7,63,3
2276,1,44,38
2277,33,69,31
2278,42,46,35
2279,37,47,35
2280,8,72,46
2281,39,49,14
2282,19,63,37
2283,46,54,39
2284,21,40,21
2285,17,43,17
2286,18,62,18
2287,11,44,24
2288,18,66,20
2289,22,44,30
2290,33,66,33
2291,13,40,24
2292,14,78,50
2293,40,42,34
2294,27,65,4
2295,40,68,23
2296,27,51,25
2297,41,58,29
2298,14,61,15
2299,9,54,38
2300,4,55,44
2301,13,76,4
2302,14,59,17
2303,36,44,45
2304,22,72,42
2305,37,76,23
2306,28,66,6
2307,30,44,8
2308,24,59,29
2309,2,66,39
2310,35,44,42
2311,49,70,1
2312,7,64,33
2313,28,64,2
2314,15,52,29
2315,27,63,9
2316,18,60,31
2317,37,53,14
2318,26,69,43
2319,36,70,4
2320,18,65,26
2321,25,46,21
2322,3,76,15
2323,3,72,3
2324,27,75,42
2325,43,76,25
2326,6,61,41
2327,12,53,37
2328,20,52,7
2329,27,71,36
2330,48,41,16
2331,19,77,44
2332,17,72,10
2333,1,45,7
2334,4,74,24
2335,32,55,29
2336,24,41,43
2337,28,45,31
2338,45,55,40
2339,18,45,7
2340,18,51,14
2341,26,69,4
2342,7,71,5
2343,49,44,31
2344,4,67,16
2345,33,48,3
2346,32,42,1
2347,26,57,8
2348,31,53,50
2349,34,61,41
2350,6,74,15
2351,5,62,29
2352,43,47,41
2353,40,77,45
2354,10,78,20
2355,25,65,14
2356,22,69,35
2357,25,74,42
2358,36,79,16
2359,8,56,47
2360,3,51,35
2361,34,59,29
2362,4,73,43
2363,22,57,45
2364,25,64,48
2365,34,49,7
2366,11,63,6
2367,31,69,31
2368,20,57,36
2369,47,48,10
2370,8,56,17
2371,29,41,25
2372,3,43,40
2373,50,64,35
2374,30,40,13
2375,8,78,21
2376,29,63,48
2377,42,51,10
2378,41,70,1
2379,42,70,16
2380,33,41,50
2381,1,61,50
2382,48,69,45
2383,2,48,32
2384,14,73,33
2385,7,77,27
2386,7,45,10
2387,38,75,6
2388,35,43,26
2389,39,52,41
2390,8,64,33
2391,14,61,34
2392,19,64,16
2393,44,76,19
2394,22,65,5
2395,29,45,9
2396,4,52,50
2397,43,61,36
2398,4,59,19
2399,27,57,38
2400,42,67,19
2401,9,63,20
2402,50,75,38
2403,5,77,30
2404,13,60,28
2405,6,58,50
2406,13,40,5
2407,20,71,40
2408,36,40,13
2409,10,73,14
2410,27,75,23
2411,3,69,16
2412,3,54,32
2413,47,56,15
2414,1,74,42
2415,1,60,34
2416,10,70,27
2417,49,45,30
2418,41,60,50
2419,39,79,43
2420,17,74,22
2421,9,46,6
2422,28,64,48
2423,39,69,45
2424,47,52,23
2425,32,76,11
2426,37,40,41
2427,18,67,36
2428,7,72,8
2429,33,69,38
2430,34,61,26
2431,12,43,11
2432,2,52,34
2433,2,60,27
2434,39,60,46
2435,12,70,45
2436,32,40,23
2437,24,75,22
2438,43,66,34
2439,5,64,21
2440,49,77,28
2441,1,52,6
2442,11,68,26
2443,26,52,6
2444,32,53,33
2445,17,72,47
2446,36,49,31
2447,14,44,29
2448,26,66,31
2449,10,42,10
2450,3,64,41
2451,3,49,13
2452,46,47,28
2453,37,44,33
2454,4,70,47
2455,44,56,45
2456,47,63,20
2457,23,58,6
2458,21,75,6
2459,9,51,23
2460,30,50,12
2461,43,42,38
2462,38,75,47
2463,36,52,39
2464,29,64,6
2465,25,45,13
2466,34,41,43
2467,27,55,12
2468,43,76,46
2469,34,42,27
2470,26,45,36
2471,25,69,4
2472,49,59,27
2473,19,43,11
2474,40,76,41
2475,33,79,40
2476,8,53,39
2477,29,43,33
2478,22,66,12
2479,9,56,8
2480,1,52,5
2481,11,65,33
2482,36,69,18
2483,50,44,24
2484,43,71,13
2485,47,71,33
2486,24,79,44
2487,44,58,41
2488,23,55,30
2489,34,69,39
2490,48,57,15
2491,37,76,26
2492,9,66,40
2493,49,50,35
2494,23,60,41
2495,49,68,41
2496,14,55,24
2497,40,62,43
2498,31,52,40
2499,24,64,45
